"","OTUID","zenv.cp_spcond","trait_spcond","zenv.cp_doc","trait_doc","zenv.cp_afdm","trait_afdm","zenv.cp_chl","trait_chl","zenv.cp_do","trait_do","zenv.cp_tp","trait_tp","zenv.cp_tn","trait_tn","OTUID.orig"
"1","otu277",1110.2,2,NA,NA,0,1,NA,NA,3.375,1,0.4525,2,9.65,2,"7043fbaffb5626baf49446d42f7ab0ae"
"2","otu229",3394,2,6.045,2,NA,NA,NA,NA,5.04,1,1.4465,2,5.4195,2,"779522306a84d39ea172c2adbd01f36c"
"3","otu335",1164.5,2,NA,NA,NA,NA,NA,NA,13.21,2,0.60425,2,1.755,2,"391c9fb463f3079779bb9818293861d3"
"4","otu535",877.1,2,NA,NA,NA,NA,NA,NA,3.375,1,1.22875,2,4.72,2,"c906f21ea36d2eb012ab194788f554c4"
"5","otu22",2172.5,2,6.045,2,11.1,2,62.25,2,NA,NA,1.5335,2,1.325,2,"b04c05d72c304b1416b732bbddaa363e"
"6","otu98",666,2,NA,NA,0.1065,1,0,1,NA,NA,0.024,2,10.75,2,"217950df43b94ad9a1a6bacd1fa4a9cb"
"7","otu316",3342.05,2,NA,NA,60.74,2,77.3,2,NA,NA,0.079,2,2.0675,2,"658d074041fde47ddefe11d31eb97ee8"
"8","otu635",1068.5,2,NA,NA,0,1,NA,NA,NA,NA,0.3865,2,6.209,2,"b33e6cc5dd1ff9e7ffe806458af84e4a"
"9","otu268",1164.5,2,NA,NA,116.79,2,NA,NA,NA,NA,0.6925,2,2.32,2,"6ee6695e202032cab8cb052698f665e3"
"10","otu194",1899.5,2,7.665,2,NA,NA,NA,NA,NA,NA,0.404,2,5.07,2,"caa4d3cf4e866ec9e836fbf691948f91"
"11","otu255",1329.1,2,6.745,2,NA,NA,NA,NA,NA,NA,1.5335,2,4.86,2,"ad9590331e0cb0d2e0ec13e6c6b6574e"
"12","otu619",2172.5,2,7.57,2,NA,NA,NA,NA,NA,NA,1.746,2,6.209,2,"4720c6ecbf93d34c6962a9ea9d99e5d6"
"13","otu71",3394,2,NA,NA,55.2,2,NA,NA,NA,NA,0.6925,2,7.7,2,"466388f66192d8df7722107b13f70bd5"
"14","otu52",907,2,7.57,2,NA,NA,NA,NA,NA,NA,0.6925,2,0.735,2,"b879d3a03faf9fd445d7c4705c333756"
"15","otu544",1110.2,2,NA,NA,0,1,NA,NA,NA,NA,0.60425,2,5.07,2,"7ea830c33383034f357f7cf6d3b5842c"
"16","otu137",3520.65,2,3.12,2,NA,NA,NA,NA,NA,NA,0.0495,2,0.1925,2,"64599edbd958bb58a6a12829bb449910"
"17","otu376",711.4,2,NA,NA,0,1,NA,NA,NA,NA,0.6925,2,6.775,2,"fd1af8d1e9ba610b30410a49bbed935a"
"18","otu329",1865,2,NA,NA,NA,NA,NA,NA,NA,NA,0.0051,1,2.0675,2,"f191d65f4302b328f22772a81273cfb8"
"19","otu592",1068.5,2,NA,NA,NA,NA,NA,NA,NA,NA,1.4465,2,5.07,2,"f126f43207ee2224f638d7bc188225e0"
"20","otu2",1068.5,2,NA,NA,NA,NA,NA,NA,NA,NA,1.5335,2,4.71,2,"df446c1d96aafecbaa4b2215b36ec96b"
"21","otu529",3213,2,NA,NA,NA,NA,NA,NA,NA,NA,0.521,2,8.55,2,"fac52d19023e0ffb01f74f9463a7f8a7"
"22","otu28",1314.2,2,NA,NA,NA,NA,NA,NA,NA,NA,0.031,2,1.64,2,"996945efc6304366aad5882f4849c320"
"23","otu89",1157,2,0,1,NA,NA,NA,NA,NA,NA,0.037175,2,8.08,2,"34006e8fd2c928749f46306697938064"
"24","otu385",1933,2,6.275,2,NA,NA,NA,NA,NA,NA,0.60425,2,1.805,2,"74ff558603f1a6a41423c68e016ca98d"
"25","otu240",3394,2,NA,NA,NA,NA,NA,NA,NA,NA,0.0284,2,10.75,2,"b6930de7d8754680e4474234a9599275"
"26","otu618",1157,2,NA,NA,NA,NA,NA,NA,NA,NA,0.63675,2,5.4195,2,"24790612b580cec0a0929671103f5b7a"
"27","otu182",NA,NA,2.9,2,NA,NA,NA,NA,NA,NA,0.217,2,0.98,2,"f49d712c1edc954e38d7438ea57fa746"
"28","otu612",1110.2,2,NA,NA,NA,NA,NA,NA,NA,NA,1.0925,2,5.07,2,"c8e657cff61dc46147baf632410434e7"
"29","otu395",922.75,2,NA,NA,NA,NA,NA,NA,NA,NA,1.22875,2,4.1,2,"079a03435b06d7f0b3184494fb02aaf1"
"30","otu713",1697.5,2,NA,NA,NA,NA,NA,NA,NA,NA,0.5825,2,5.07,2,"562b595ac2d7570977b47a82d0dff804"
"31","otu812",1697.5,2,NA,NA,NA,NA,NA,NA,NA,NA,1.22875,2,4.86,2,"7e343a8bdb7a576a0893634b20ac7e54"
"32","otu700",1068.5,2,NA,NA,NA,NA,NA,NA,NA,NA,1.22875,2,5.4195,2,"6f9016f82029740484470d28239976fe"
"33","otu644",NA,NA,NA,NA,NA,NA,NA,NA,10.545,2,0.427,2,6.775,2,"d828f9b4ba458e31553d07bc8782daf9"
"34","otu233",3149.8,2,NA,NA,NA,NA,NA,NA,15.945,2,NA,NA,0.705,2,"db262f2542fc0e06333dfb8096789059"
"35","otu243",976.4,2,NA,NA,NA,NA,NA,NA,4.41,1,NA,NA,4.71,2,"4ded4ac7ae99a63f4840908855e8114c"
"36","otu441",168.2,2,NA,NA,NA,NA,NA,NA,7.85,2,NA,NA,0,1,"11228a15acd953e04e597ee386bbc14b"
"37","otu398",NA,NA,7.765,2,NA,NA,NA,NA,14.835,2,NA,NA,6.775,2,"4d031e8cf48de623c03e5b5f8c04cc8a"
"38","otu48",3266.55,2,NA,NA,5.86,2,7.04,2,NA,NA,NA,NA,0.09565,2,"26dd0bc73f4bbde0ae6d434f912e4b9f"
"39","otu246",1164.5,2,NA,NA,NA,NA,NA,NA,NA,NA,NA,NA,0.31,2,"7c6ab444cdf37896a428ed80ff1810d0"
"40","otu239",3266.55,2,NA,NA,116.79,2,167.7,2,NA,NA,NA,NA,6.775,2,"7feade302d166f355b070509287a3da9"
"41","otu261",789.5,2,NA,NA,28.1,2,43.598,2,NA,NA,NA,NA,6.48,2,"84176b889d07a639b055b903bed484d2"
"42","otu468",3379,2,NA,NA,10.7,2,61.1,2,NA,NA,NA,NA,0.28,2,"0c7b79eb3819d2e3f97184918eba5e04"
"43","otu126",NA,NA,3.76,2,8.465,2,53.9,2,NA,NA,NA,NA,0.363,2,"510321605c4038269957644cfd846eb5"
"44","otu537",3379,2,0,1,NA,NA,51.75,2,NA,NA,NA,NA,1.64,2,"5356804268f5d019f820a8b944dbe214"
"45","otu646",1845.5,2,NA,NA,NA,NA,NA,NA,NA,NA,NA,NA,0.25875,2,"bf1d21ba9e70888ca91f572241acb7fe"
"46","otu8",53.7,1,NA,NA,-0.83,1,NA,NA,NA,NA,NA,NA,0,1,"5534627bb9f9c78d1ac9735470270721"
"47","otu31",1276.2,2,NA,NA,NA,NA,NA,NA,NA,NA,NA,NA,0.3975,2,"a7b48f51ffcf284ca06c199e734f7067"
"48","otu66",907,2,NA,NA,NA,NA,NA,NA,NA,NA,NA,NA,1.02,2,"6e442dbd456ff04d0787508e479272e5"
"49","otu77",866.4,2,0,1,49.9202,2,NA,NA,NA,NA,NA,NA,0.2765,2,"9cbdf4c01342d5752298c3619e754cdc"
"50","otu328",1068.5,2,3.76,2,NA,NA,NA,NA,NA,NA,NA,NA,6.209,2,"bcc3d78427272d3b8b2e4ac75b391718"
"51","otu188",2172.5,2,NA,NA,55.2,2,NA,NA,NA,NA,NA,NA,1.505,2,"3f4648d5169ed8b802a1c5869c142698"
"52","otu221",502.95,2,NA,NA,0,1,NA,NA,NA,NA,NA,NA,0,1,"127b30a9ce24fb0a5bb61b91f18b9a06"
"53","otu116",384.05,2,NA,NA,6.585,2,NA,NA,NA,NA,NA,NA,0,1,"15554b4b5acc341ee0eea627d649c439"
"54","otu412",3266.55,2,NA,NA,116.79,2,NA,NA,NA,NA,NA,NA,1.64,2,"b6b3067d7785ebe187e1b8567fd91826"
"55","otu323",3394,2,NA,NA,NA,NA,NA,NA,NA,NA,NA,NA,7.05,2,"cf8251080ebff9d7aa088735036d675c"
"56","otu478",259.65,2,NA,NA,NA,NA,NA,NA,NA,NA,NA,NA,0,1,"db3e04262424a505b523fc375bf31583"
"57","otu330",902.45,2,NA,NA,NA,NA,NA,NA,NA,NA,NA,NA,7.83,2,"1e0e279c66886355937f5dde4725b39a"
"58","otu9",116.15,2,NA,NA,NA,NA,NA,NA,NA,NA,NA,NA,0,1,"5d3e9777cde4c99905423a526f13e2b2"
"59","otu103",967.5,2,NA,NA,NA,NA,NA,NA,NA,NA,NA,NA,1.64,2,"8b9c3734756cb663d1678780fffa8368"
"60","otu244",NA,NA,NA,NA,0,1,NA,NA,NA,NA,NA,NA,0,1,"f7e5f67693ff3811b2e99c8d4746afa8"
"61","otu23",NA,NA,0,1,NA,NA,NA,NA,NA,NA,NA,NA,0,1,"2e1b1ae0d90e69062cf9873a8e1e09bb"
"62","otu324",NA,NA,0,1,NA,NA,NA,NA,NA,NA,NA,NA,0.38,2,"2f24e459a965d5495270d4372976afa3"
"63","otu279",NA,NA,3.31,2,NA,NA,NA,NA,NA,NA,NA,NA,0.0995,2,"3755becb5f38dfe5a040bca5dd1a1b39"
"64","otu373",789.5,2,NA,NA,NA,NA,NA,NA,NA,NA,NA,NA,1.64,2,"cf18fb4309fd1a642502e63220b5c8cd"
"65","otu317",NA,NA,3.29,2,NA,NA,NA,NA,NA,NA,NA,NA,0,1,"4ceee889347e110ccd522e658fbbf0ed"
"66","otu219",1110.2,2,NA,NA,NA,NA,NA,NA,NA,NA,NA,NA,4.65,2,"373ad71dfcfb802061519c772abb42af"
"67","otu12",NA,NA,NA,NA,14.2,2,NA,NA,NA,NA,NA,NA,0,1,"24f40132c849eae716a3e99391252c25"
"68","otu475",313.05,2,NA,NA,NA,NA,NA,NA,NA,NA,NA,NA,0,1,"7defec61fc6bd9f8d7079288c5f91f8f"
"69","otu36",NA,NA,NA,NA,NA,NA,137,2,NA,NA,NA,NA,0.98,2,"ec199cd67740afec0c82a1ed25a8b7c2"
"70","otu256",NA,NA,NA,NA,NA,NA,0,1,NA,NA,NA,NA,0,1,"a10015ce5270f76e945bb0a43ff8c91f"
"71","otu302",NA,NA,NA,NA,NA,NA,NA,NA,NA,NA,0.00975,1,0,1,"545466a79666f10e2702fac57496ad77"
"72","otu406",NA,NA,NA,NA,NA,NA,NA,NA,NA,NA,0.2845,2,6.48,2,"61a6ead887e9106ec815fc4bfdbf6e69"
"73","otu357",NA,NA,NA,NA,NA,NA,NA,NA,NA,NA,0.5825,2,6.209,2,"cd768606e3e0d5c68914843e3fa09914"
"74","otu629",NA,NA,NA,NA,NA,NA,NA,NA,NA,NA,0.60425,2,1.855,2,"2c7aa3dcf2a89d36cf5cdb61106c301f"
"75","otu383",NA,NA,NA,NA,NA,NA,NA,NA,NA,NA,0.6925,2,8.08,2,"86f4c2f5d66482aec7634ce5548f70b1"
"76","otu364",NA,NA,NA,NA,NA,NA,NA,NA,NA,NA,0.8705,2,2.5625,2,"e82a65b0a2c3ec287144e5bbb32b654a"
"77","otu336",NA,NA,NA,NA,NA,NA,NA,NA,NA,NA,0.07475,2,7.1,2,"6f69202b6991d67d8e20e0e6dc8ab80b"
"78","otu436",NA,NA,NA,NA,NA,NA,NA,NA,NA,NA,0.63675,2,5.4195,2,"1b132010b2bd5eb3f998f7a1fb6e01af"
"79","otu724",NA,NA,NA,NA,NA,NA,NA,NA,NA,NA,0.63675,2,1.855,2,"92fc2a286e1b1ed6d6c3062691ac6518"
"80","otu108",49.65,1,25.085,2,NA,NA,NA,NA,NA,NA,NA,NA,NA,NA,"0f6b790caae148a74c3f90e388240cce"
"81","otu263",2351,2,NA,NA,58.67,2,167.7,2,NA,NA,NA,NA,NA,NA,"5d13896d139ccac6ca46e445f942ec1f"
"82","otu345",3520.65,2,NA,NA,10.05,2,64.2325,2,NA,NA,NA,NA,NA,NA,"c7e8768613cf28de70907c6cdd027de6"
"83","otu448",NA,NA,2.555,2,NA,NA,NA,NA,NA,NA,NA,NA,NA,NA,"eba044eecb6523e04d56a426918d6146"
"84","otu95",NA,NA,NA,NA,NA,NA,-1.07,1,7.575,2,0,1,NA,NA,"5094f62cb6d7637da9148f038d55cfcd"
"85","otu120",NA,NA,NA,NA,NA,NA,-1.07,1,7.88,2,0,1,NA,NA,"bb2415aa6d1eeb82f70b32832268e7f7"
"86","otu355",3394,2,NA,NA,58.67,2,94.002,2,NA,NA,NA,NA,NA,NA,"1a0ae90c902c1e4030fb68c673886f70"
"87","otu570",256.1,2,0,1,0.1065,1,0,1,NA,NA,1.0925,2,NA,NA,"35904a6578e3e6b6033c90dbb03d5de6"
"88","otu334",3342.05,2,NA,NA,60.74,2,77.3,2,NA,NA,0.0961,2,NA,NA,"cc3684419025a1dc506e04194d631d39"
"89","otu85",NA,NA,2.505,2,12,2,0,2,NA,NA,NA,NA,NA,NA,"fd421286ea81ab81b9aa8f2e5b90c156"
"90","otu176",176.55,2,NA,NA,0,1,0,1,NA,NA,1.4465,2,NA,NA,"0545d11c42aabbe04b9c8df9376bd489"
"91","otu822",3342.05,2,NA,NA,NA,NA,NA,NA,NA,NA,NA,NA,NA,NA,"61a7dd725d072be23738ca83b89e0288"
"92","otu725",NA,NA,6.745,2,0,1,0,1,NA,NA,0.337,2,NA,NA,"e75dba89e545551bcd751d0ee673b97e"
"93","otu668",NA,NA,14.44,2,4.92,2,56.05,2,NA,NA,NA,NA,NA,NA,"204ecd2242d239e3c2d5a61ecc3f4d8f"
"94","otu169",576.65,2,NA,NA,NA,NA,0,1,NA,NA,0.00975,1,NA,NA,"6a210c77cad8578b0dbfec15d677da46"
"95","otu464",3520.65,2,NA,NA,NA,NA,62.25,2,NA,NA,0.029,2,NA,NA,"ef59d9ebc756e4cbf3369357835d1520"
"96","otu114",NA,NA,NA,NA,0,1,0,1,NA,NA,0.02445,2,NA,NA,"90e44acf5d95726152b1ee7482f2fe2d"
"97","otu663",357.45,2,0,1,NA,NA,0,1,NA,NA,NA,NA,NA,NA,"44b0dd790185b13d9feb787a5ec12a7a"
"98","otu27",NA,NA,0,1,26.43,2,NA,NA,NA,NA,NA,NA,NA,NA,"e423b07d5318ea49f0d8426e29ccda22"
"99","otu214",738.4,2,6.275,2,NA,NA,NA,NA,NA,NA,0.23825,2,NA,NA,"3697db54ff9bd2eea1aac038905cf8f3"
"100","otu444",200.7,2,NA,NA,NA,NA,0,1,NA,NA,NA,NA,NA,NA,"0ec3ec61dd6d08f543e88066013b7536"
"101","otu429",511.75,2,23.065,2,0.1225,1,NA,NA,NA,NA,0.5825,2,NA,NA,"d5a2b0ef2e26c6f2bac8596a5d746c08"
"102","otu523",3394,2,NA,NA,NA,NA,NA,NA,NA,NA,NA,NA,NA,NA,"d0fe47beeeba14376db49cda4b886b25"
"103","otu105",NA,NA,2.07,2,4.075,2,NA,NA,NA,NA,NA,NA,NA,NA,"6213baeec5be8acaf8a97d2576103d9c"
"104","otu68",NA,NA,2.9,2,NA,NA,8.321,2,NA,NA,NA,NA,NA,NA,"1042c3acdf1bf071ae5b6b393741d47c"
"105","otu594",2351,2,NA,NA,NA,NA,149.5,2,NA,NA,NA,NA,NA,NA,"59de14f821d0832b3458c9d19f1b5d68"
"106","otu7",NA,NA,0,1,NA,NA,0,1,NA,NA,NA,NA,NA,NA,"52376e50ae5edaeb87b86ceb34bab064"
"107","otu836",1816.5,2,NA,NA,NA,NA,53.9,2,NA,NA,NA,NA,NA,NA,"3755740ca6d00cd96f18d1d346374d49"
"108","otu283",NA,NA,2.665,2,55.2,2,NA,NA,NA,NA,NA,NA,NA,NA,"b41cddf570ac4c14c7c6378d92d67357"
"109","otu732",NA,NA,0,1,NA,NA,0,1,NA,NA,NA,NA,NA,NA,"6d92fa8553411c6b0d7aafd7da539af9"
"110","otu706",898.55,2,NA,NA,NA,NA,NA,NA,NA,NA,0.032825,2,NA,NA,"068877f224fa7b98a429e57f3b3d0152"
"111","otu260",NA,NA,NA,NA,8.205,2,0.216,2,NA,NA,NA,NA,NA,NA,"c4e3a79ba6df9096cf1531d48988e25a"
"112","otu698",678.5,2,NA,NA,NA,NA,NA,NA,NA,NA,NA,NA,NA,NA,"a72522ee691fd5ff05112958239e8eb5"
"113","otu139",193.3,2,NA,NA,NA,NA,NA,NA,NA,NA,NA,NA,NA,NA,"b37f5331fafa594247e1ca1df5a4829a"
"114","otu309",3394,2,NA,NA,116.79,2,NA,NA,NA,NA,NA,NA,NA,NA,"98f12749425ae7d8de4357d2a2010f31"
"115","otu434",912.25,2,NA,NA,NA,NA,NA,NA,NA,NA,0.5825,2,NA,NA,"b6dd5d0695437752df160308ed392072"
"116","otu296",3342.05,2,NA,NA,NA,NA,NA,NA,NA,NA,0.6925,2,NA,NA,"2eac57824418c3aa62a5ececc61667e1"
"117","otu43",49.65,1,NA,NA,NA,NA,NA,NA,NA,NA,NA,NA,NA,NA,"70597029ad21bd4ec1371da4b1a82513"
"118","otu78",297.6,2,0,1,NA,NA,NA,NA,NA,NA,NA,NA,NA,NA,"1a48c8e7bb4acf978fe9bf1cc151b52e"
"119","otu449",123.8,1,NA,NA,NA,NA,NA,NA,NA,NA,0.0015,1,NA,NA,"2d6ca6522d12ef33973240429b547f3f"
"120","otu318",NA,NA,NA,NA,0,1,0,1,NA,NA,NA,NA,NA,NA,"d13cd1cd6c5942500c3a6cb54658fea4"
"121","otu631",1210.45,2,NA,NA,NA,NA,NA,NA,NA,NA,2.3025,2,NA,NA,"f273d7ab3bd442795fa0236101c28075"
"122","otu562",NA,NA,NA,NA,0.15,1,0,1,NA,NA,NA,NA,NA,NA,"a19384a0e467952dd4c96f43e5eaf692"
"123","otu238",NA,NA,NA,NA,102.49,2,23.6685,2,NA,NA,NA,NA,NA,NA,"57272890b6f989da3f5d0eeb00678254"
"124","otu489",277.2,2,NA,NA,NA,NA,NA,NA,NA,NA,0,1,NA,NA,"f6d2dd1e890fb9c135ca964eeca55fbb"
"125","otu403",68.25,1,NA,NA,NA,NA,NA,NA,NA,NA,0.13175,2,NA,NA,"b9aff6073c5c626a094b83be4bc41447"
"126","otu266",116.15,1,NA,NA,NA,NA,NA,NA,NA,NA,0.00485,1,NA,NA,"0067529d3fc86e1a080b820237498bef"
"127","otu295",1276.2,2,NA,NA,NA,NA,NA,NA,NA,NA,0.082,2,NA,NA,"9019de0c28b81ace2f038364a67b3d9a"
"128","otu484",424.9,2,NA,NA,0.934,1,NA,NA,NA,NA,NA,NA,NA,NA,"32a9fba7552185c0ba252e89f55120e6"
"129","otu603",3394,2,NA,NA,NA,NA,NA,NA,5.04,1,NA,NA,NA,NA,"cf3b2fa203aaf72945580c5148618082"
"130","otu189",50.55,1,NA,NA,NA,NA,NA,NA,NA,NA,NA,NA,NA,NA,"ccfe18c47c05f07f85e862cb5b99de19"
"131","otu57",NA,NA,NA,NA,NA,NA,0,1,NA,NA,0.02335,2,NA,NA,"f9f385b9d2541bc70d4c16935ca9459c"
"132","otu192",71.45,1,NA,NA,NA,NA,NA,NA,NA,NA,NA,NA,NA,NA,"94b368a9597a7a16ba136cac4c02ce87"
"133","otu651",NA,NA,NA,NA,11.75,2,NA,NA,NA,NA,0.037025,2,NA,NA,"ef53d2f5f0a0d8d548477ec4101fb3b2"
"134","otu366",357.45,2,NA,NA,NA,NA,NA,NA,NA,NA,0.00385,1,NA,NA,"31d89d34af7b4798418f8a4778e3ff7a"
"135","otu332",NA,NA,NA,NA,1.6165,1,NA,NA,NA,NA,0.0719166665,2,NA,NA,"3a2eb14ba12bd596c642f01f5a106661"
"136","otu110",NA,NA,NA,NA,NA,NA,0,1,NA,NA,0.027875,2,NA,NA,"5c07f3f461fe3cfe1215b31b662d015a"
"137","otu158",NA,NA,NA,NA,NA,NA,0,1,NA,NA,0.2095,2,NA,NA,"5b3582add9100075298d11d2f1ce1c35"
"138","otu75",NA,NA,NA,NA,NA,NA,NA,NA,8.15,2,0.0071666665,1,NA,NA,"390b2aba5ada163ecd86e35279442da5"
"139","otu82",NA,NA,NA,NA,NA,NA,NA,NA,7.355,2,0.02375,2,NA,NA,"c4152a17db0101cbad86ac8672b85b3d"
"140","otu350",72.5,1,NA,NA,NA,NA,NA,NA,NA,NA,NA,NA,NA,NA,"4b2d5eb1219d70b15c348d1326ff1180"
"141","otu136",NA,NA,NA,NA,NA,NA,NA,NA,7.355,2,0.00975,1,NA,NA,"cd04f5436b35d83da0e897941fa3851c"
"142","otu147",NA,NA,NA,NA,NA,NA,NA,NA,8.955,2,0.1735,2,NA,NA,"92d2089812a492fc853cc28cc0eef35a"
"143","otu498",3266.55,2,NA,NA,116.79,2,51.75,2,5.775,1,NA,NA,NA,NA,"dac11fd3ef03e2ec835d24cba347d311"
"144","otu507",3394,2,NA,NA,13.25,2,11.75,2,4.81,1,NA,NA,NA,NA,"6ade37f64a89ce9f55b2dc51d56477f3"
"145","otu598",3266.55,2,0,1,NA,NA,137,2,5.105,1,NA,NA,NA,NA,"e1f1f1ad9d82fe3c6152465352a95670"
"146","otu275",NA,NA,NA,NA,116.79,2,51.75,2,5.775,1,NA,NA,NA,NA,"58a38ad0e2a30031258d6948df70c714"
"147","otu56",NA,NA,NA,NA,0,1,0,1,9.48,2,NA,NA,NA,NA,"29392ad0d83c08c70bc2a24367e33a6b"
"148","otu151",NA,NA,NA,NA,0,1,0,1,7.795,2,NA,NA,NA,NA,"77e8597e73b47305f77e2004bd65da3f"
"149","otu81",NA,NA,NA,NA,11.365,2,51.75,2,6.81,1,NA,NA,NA,NA,"21a455e989e8cc462b231ff79d8b9118"
"150","otu755",NA,NA,NA,NA,60.74,2,77.3,2,5.105,1,NA,NA,NA,NA,"de32989c75b23be45379c5b21e447fcc"
"151","otu552",3342.05,2,0,1,13.25,2,NA,NA,5.04,1,NA,NA,NA,NA,"512ddb7ff926870e20e2126fc21602d2"
"152","otu558",2172.5,2,NA,NA,11.365,2,NA,NA,5.665,1,NA,NA,NA,NA,"12abd46b48305ba5b437a61dd1dab411"
"153","otu841",NA,NA,0,1,40.54,2,NA,NA,NA,NA,NA,NA,NA,NA,"ea58267555d8573ac4dfe1b8cc6f2327"
"154","otu187",3266.55,2,NA,NA,58.67,2,NA,NA,NA,NA,NA,NA,NA,NA,"af402fe9c17a19907f9b2837099724e0"
"155","otu575",3149.8,2,NA,NA,11.23,2,NA,NA,10.545,2,NA,NA,NA,NA,"c44cb9854d84595e4dcbcdbeef1cd010"
"156","otu25",104.8,1,NA,NA,NA,NA,NA,NA,7.74,2,NA,NA,NA,NA,"aded6a02de1e6622ff62e8abfb2e217d"
"157","otu157",645.25,2,NA,NA,NA,NA,NA,NA,13.21,2,NA,NA,NA,NA,"c42ca664ec4f0417d7a9a5d6bd4d52b0"
"158","otu362",289.6,2,NA,NA,55.2,2,61.1,2,NA,NA,NA,NA,NA,NA,"492ad59e247837824901425ddfd6af9b"
"159","otu122",60.35,1,NA,NA,NA,NA,NA,NA,8.34,2,NA,NA,NA,NA,"ac4fcb28c1938902c9941c8404c9666b"
"160","otu21",116.15,1,NA,NA,NA,NA,NA,NA,8.305,2,NA,NA,NA,NA,"235c3587338586b7236051bfda50eeb5"
"161","otu141",345.55,2,NA,NA,NA,NA,NA,NA,3.775,1,NA,NA,NA,NA,"f11030b4cbaff6c895464d50f1d23104"
"162","otu128",2937.8,2,1.805,2,NA,NA,NA,NA,NA,NA,NA,NA,NA,NA,"755c4bede9d8f5a2c64505ea2be65f9e"
"163","otu235",752.35,2,NA,NA,NA,NA,NA,NA,9.935,2,NA,NA,NA,NA,"25f609b4ee0f3368f776e47e7744d77e"
"164","otu487",58.3,1,NA,NA,NA,NA,NA,NA,NA,NA,NA,NA,NA,NA,"eb9cdaf7af360d8af1a9abc292df9670"
"165","otu248",397.4,2,NA,NA,NA,NA,NA,NA,5.75,1,NA,NA,NA,NA,"3ab5616b5ba508235e1a30b9bef800ec"
"166","otu207",232.6,2,16.74,2,NA,NA,NA,NA,NA,NA,NA,NA,NA,NA,"cfacb40915a965a8d082c80f02deea5d"
"167","otu540",829,2,NA,NA,NA,NA,NA,NA,9.48,2,NA,NA,NA,NA,"7ef429b73f77a04d0092d498e49e158c"
"168","otu632",2529.5,2,NA,NA,NA,NA,NA,NA,5.775,1,NA,NA,NA,NA,"f6e9ae4a58dc97bc93c091c10ad421be"
"169","otu399",3520.65,2,NA,NA,13.25,2,94.002,2,NA,NA,NA,NA,NA,NA,"3a5a361e54d303dbfe8a1dbbb8eb26f8"
"170","otu524",576.65,2,NA,NA,NA,NA,NA,NA,NA,NA,NA,NA,NA,NA,"72f238acc6ac306ce86ccade693e8d4f"
"171","otu407",877.1,2,NA,NA,NA,NA,NA,NA,4.72,1,NA,NA,NA,NA,"238fdd943de59f40b425e5c0a81dc51d"
"172","otu573",2011,2,NA,NA,NA,NA,NA,NA,5.14,1,NA,NA,NA,NA,"5939fd00cb6a7831169bad48bcec83f1"
"173","otu353",393,2,0,1,0.1065,1,NA,NA,NA,NA,NA,NA,NA,NA,"284974e1457f330c59f66d5be636f97e"
"174","otu44",NA,NA,NA,NA,0,1,NA,NA,7.88,2,NA,NA,NA,NA,"97a8836fa4a96d2876115edc04b13543"
"175","otu37",NA,NA,NA,NA,38.7,2,NA,NA,9.66,2,NA,NA,NA,NA,"c65415f0f1caaa4bfcb9b849043895bb"
"176","otu104",NA,NA,NA,NA,NA,NA,0,1,8.075,2,NA,NA,NA,NA,"78e5fca52d43081f79e43161832a74ce"
"177","otu486",645.25,2,NA,NA,NA,NA,NA,NA,NA,NA,NA,NA,NA,NA,"56ebbcad9e837d3d00c35c5ae0c3e124"
"178","otu61",NA,NA,NA,NA,NA,NA,0,1,8.61,2,NA,NA,NA,NA,"0917b72f901d0e4b35d7b6428f8581a8"
"179","otu144",NA,NA,NA,NA,NA,NA,-1.07,1,8.65,2,NA,NA,NA,NA,"22dbfa7463de3ea7e0293b7b849e45b0"
"180","otu148",NA,NA,NA,NA,NA,NA,0,1,8.78,2,NA,NA,NA,NA,"9089d56f827e59fceba6a474a79f3c16"
"181","otu460",NA,NA,NA,NA,NA,NA,0,1,8.93,2,NA,NA,NA,NA,"3a5644a58b70c794c381b339c9e6dfc7"
"182","otu269",NA,NA,NA,NA,NA,NA,0,1,4.72,1,NA,NA,NA,NA,"e306f28a614e871da9956968b5c4ff81"
"183","otu474",3342.05,2,NA,NA,NA,NA,77.3,2,NA,NA,NA,NA,NA,NA,"7ac2efd654f0fb77f9010062339b853e"
"184","otu546",2359,2,NA,NA,NA,NA,20.5,2,NA,NA,NA,NA,NA,NA,"f3a134070cc291652e33769a5e73cdd5"
"185","otu178",3520.65,2,0,1,11.75,2,77.3,2,NA,NA,NA,NA,NA,NA,"fa3da95e6110a788f6b570191899c6fd"
"186","otu217",2293,2,8.36,2,26.215,2,51.75,2,NA,NA,NA,NA,NA,NA,"6780eb3fec75df84b45aec11c3658dd4"
"187","otu527",3379,2,0,1,116.79,2,77.3,2,NA,NA,NA,NA,NA,NA,"cdee6faf04c211a40675ae8c2dd087dd"
"188","otu556",3379,2,0,1,116.79,2,64.2325,2,NA,NA,NA,NA,NA,NA,"49ade4fbe7ecdb1f8ba12c9b1485fc83"
"189","otu538",1760.5,2,NA,NA,NA,NA,47,2,NA,NA,NA,NA,NA,NA,"caf78893e2c6a91ff5db6b1567fe3eea"
"190","otu601",3520.65,2,0,1,116.79,2,51.75,2,NA,NA,NA,NA,NA,NA,"a25e06409136317228041033a4f05f29"
"191","otu465",NA,NA,4.325,2,NA,NA,NA,NA,NA,NA,NA,NA,NA,NA,"ae82cf905a73ca33c52271683bb87cc3"
"192","otu65",922.75,2,NA,NA,22.505,2,62.25,2,NA,NA,NA,NA,NA,NA,"550b78e96f0d6888b3f8a13b9431b6ec"
"193","otu462",99.05,1,NA,NA,NA,NA,NA,NA,NA,NA,NA,NA,NA,NA,"12cc159fe6f444b15694dc7fa1d0111c"
"194","otu29",389.35,2,NA,NA,NA,NA,NA,NA,NA,NA,NA,NA,NA,NA,"63ab3e6b101e9fae161b718a7cb8aa7f"
"195","otu100",3520.65,2,NA,NA,45.7202,2,167.7,2,NA,NA,NA,NA,NA,NA,"8f02c0bc6e24ba415de3cc3423457584"
"196","otu64",NA,NA,NA,NA,11.15,2,5.425,2,NA,NA,NA,NA,NA,NA,"a8cc3da0226d7d90df1791015ad422a3"
"197","otu354",3394,2,NA,NA,11.215,2,NA,NA,NA,NA,NA,NA,NA,NA,"774a2ed9eab2890cebee779cd4abb82a"
"198","otu294",NA,NA,NA,NA,5.725,2,15.54,2,NA,NA,NA,NA,NA,NA,"39f33f0a028e7027b1863f2f8d07c353"
"199","otu162",99.05,1,NA,NA,NA,NA,NA,NA,NA,NA,NA,NA,NA,NA,"85924ee4f27786681e5c32f931076b83"
"200","otu452",61.45,1,NA,NA,0,1,0,1,NA,NA,NA,NA,NA,NA,"c7a588eb2fe681c458676454f208939f"
"201","otu170",54.65,1,NA,NA,NA,NA,NA,NA,NA,NA,NA,NA,NA,NA,"150b7cdae4e5cfdcd729f7d79749d482"
"202","otu60",326,2,NA,NA,NA,NA,NA,NA,NA,NA,NA,NA,NA,NA,"7af94b7f8e921419efee8d6735aa7b69"
"203","otu276",278.1,2,NA,NA,NA,NA,NA,NA,NA,NA,NA,NA,NA,NA,"bdbac0ed805a3d9e9b3014df445603a2"
"204","otu241",NA,NA,NA,NA,NA,NA,NA,NA,NA,NA,0.00975,1,NA,NA,"1e897045e87669487d659553e5a1d8ec"
"205","otu471",NA,NA,NA,NA,0.1065,1,0,1,NA,NA,NA,NA,NA,NA,"e3022a2e3fcf90f611b470e36cae744e"
"206","otu271",NA,NA,NA,NA,66.62,2,6.3665,2,NA,NA,NA,NA,NA,NA,"c25c0245d4ae990d0721f8db6dde11f6"
"207","otu47",NA,NA,NA,NA,NA,NA,0,2,NA,NA,NA,NA,NA,NA,"903535cdf18d305dafb26355400154c4"
"208","otu358",2225,2,NA,NA,6.74,2,66.5,2,NA,NA,NA,NA,NA,NA,"21007794198b75e681fd7ecf6159dd9d"
"209","otu142",NA,NA,12.1,2,NA,NA,NA,NA,NA,NA,NA,NA,NA,NA,"de866aab6adf16c82e5612c61199c92e"
"210","otu731",NA,NA,12.69,2,NA,NA,NA,NA,NA,NA,NA,NA,NA,NA,"6ae14fc3584b40ea98340045135a89aa"
"211","otu183",NA,NA,1.135,2,3.73,2,64.2325,2,NA,NA,NA,NA,NA,NA,"aea59cc9888c3a3da77897ffd499f368"
"212","otu343",NA,NA,NA,NA,NA,NA,34.7175,2,NA,NA,NA,NA,NA,NA,"5bb46f06adc35d0c6dc0a80ab3dd21db"
"213","otu80",119,1,NA,NA,NA,NA,NA,NA,NA,NA,NA,NA,NA,NA,"5890d2966e060c5789fc32b65d4cdab6"
"214","otu557",1899.5,2,NA,NA,NA,NA,NA,NA,NA,NA,NA,NA,NA,NA,"5502ddd9c19fb6c3f09841fd8a9df913"
"215","otu587",NA,NA,0,1,60.74,2,62.25,2,NA,NA,NA,NA,NA,NA,"2436730733db6a47484190ec9c1d3500"
"216","otu874",NA,NA,NA,NA,1.6165,1,NA,NA,NA,NA,NA,NA,NA,NA,"ef3002d835990cece817f2880c73e2bc"
"217","otu378",105.85,1,NA,NA,NA,NA,NA,NA,NA,NA,NA,NA,NA,NA,"90253de1e4295c52b525eb8da9876f71"
"218","otu298",NA,NA,NA,NA,87.8,2,NA,NA,NA,NA,NA,NA,NA,NA,"ac1d9679d7015b3658122f513858b219"
"219","otu491",1210.45,2,NA,NA,NA,NA,NA,NA,NA,NA,NA,NA,NA,NA,"211f1ed9e4908f711650ccb0353dbfe5"
"220","otu555",105.85,1,NA,NA,NA,NA,NA,NA,NA,NA,NA,NA,NA,NA,"bc91bd1979d24c566f9d412520741ee4"
"221","otu130",NA,NA,0,1,NA,NA,NA,NA,NA,NA,NA,NA,NA,NA,"b1c0d51fa66823b55be947f932aa3194"
"222","otu250",183.95,2,NA,NA,NA,NA,0,1,NA,NA,NA,NA,NA,NA,"67bfe2add7148e60a751e44601547052"
"223","otu511",NA,NA,0,1,NA,NA,NA,NA,NA,NA,NA,NA,NA,NA,"87e373e6a10578e4e20deec6d5eeed31"
"224","otu227",282.3,2,NA,NA,NA,NA,NA,NA,NA,NA,NA,NA,NA,NA,"3fa61ed004ed43bb87a82d4baeb009c2"
"225","otu272",NA,NA,NA,NA,NA,NA,NA,NA,10.045,2,NA,NA,NA,NA,"ef66c80e6134f80b09622bac1cdecfac"
"226","otu118",871.3,2,NA,NA,NA,NA,NA,NA,NA,NA,NA,NA,NA,NA,"856ab13139bd6629d5ac2a3b3ce44fc4"
"227","otu121",113.25,1,NA,NA,NA,NA,NA,NA,NA,NA,NA,NA,NA,NA,"16ad53783aa06128eb0277f4a4de1c95"
"228","otu369",NA,NA,NA,NA,27.75,2,NA,NA,NA,NA,NA,NA,NA,NA,"adf5a2d513945125d289ba73b2dcc348"
"229","otu123",254,2,NA,NA,NA,NA,NA,NA,NA,NA,NA,NA,NA,NA,"7770c4ee4143276c206d03e91a2887b2"
"230","otu433",NA,NA,13.92,2,NA,NA,NA,NA,NA,NA,NA,NA,NA,NA,"dade4447ff7a821c3c69eac70f947b3b"
"231","otu17",NA,NA,NA,NA,102.49,2,0,2,NA,NA,NA,NA,NA,NA,"ea3f85ee62628f49e67cb2506f4e5356"
"232","otu291",NA,NA,NA,NA,102.49,2,NA,NA,NA,NA,NA,NA,NA,NA,"cabb39db9487071e655fbfe316aa5466"
"233","otu306",NA,NA,0,1,NA,NA,NA,NA,NA,NA,NA,NA,NA,NA,"a7efbf278b07bac3993762001c6ea28a"
"234","otu411",NA,NA,NA,NA,43.75995,2,NA,NA,NA,NA,NA,NA,NA,NA,"2d336abf130687add80a598e64dc329c"
"235","otu438",NA,NA,NA,NA,NA,NA,NA,NA,9.205,2,NA,NA,NA,NA,"11adc8b99d80f61306c130b7581e38ff"
"236","otu313",NA,NA,14.44,2,NA,NA,NA,NA,NA,NA,NA,NA,NA,NA,"995d70d60d5cf551dd885cc0886517c6"
"237","otu76",106.65,1,0.3,2,NA,NA,NA,NA,NA,NA,NA,NA,NA,NA,"529f8f51866819808ea5d222649f974b"
"238","otu425",110.5,1,NA,NA,NA,NA,NA,NA,NA,NA,NA,NA,NA,NA,"e2d2b13bf42c1d74d14062d62d993be9"
"239","otu578",NA,NA,NA,NA,NA,NA,NA,NA,6.065,1,NA,NA,NA,NA,"e9c372bb2e125ecbd536a2186243d62f"
"240","otu637",NA,NA,NA,NA,14.55,2,26.1675,2,NA,NA,NA,NA,NA,NA,"a7db47f56d924be8c8a7a5ba0d7889d7"
"241","otu90",898.55,2,0,1,NA,NA,NA,NA,NA,NA,NA,NA,NA,NA,"85222a1d1040945fecbe2ce16eac45c2"
"242","otu430",NA,NA,NA,NA,0,1,0.216,1,NA,NA,NA,NA,NA,NA,"aa78dc649e31207dea6f28840db86591"
"243","otu99",NA,NA,NA,NA,NA,NA,NA,NA,7.88,2,NA,NA,NA,NA,"de096ffa3702bcd44d145dc331efdeb8"
"244","otu172",68.25,1,NA,NA,NA,NA,NA,NA,NA,NA,NA,NA,NA,NA,"508b6bdc1d89fce380ccefbcb4a90adb"
"245","otu53",NA,NA,NA,NA,NA,NA,NA,NA,8.555,2,NA,NA,NA,NA,"aabab319cef9541b0967d1f228677cc4"
"246","otu67",113.25,1,NA,NA,NA,NA,NA,NA,NA,NA,NA,NA,NA,NA,"0cc79d2c8c6a3d93a6b262359f45be9f"
"247","otu697",NA,NA,NA,NA,0,1,0.216,1,NA,NA,NA,NA,NA,NA,"08e1a285952f90b9b302d14cb4a0e43d"
"248","otu185",56.65,1,NA,NA,NA,NA,NA,NA,NA,NA,NA,NA,NA,NA,"a519ab971ba7b50d80f3805369d65ffb"
"249","otu73",125.95,1,NA,NA,NA,NA,NA,NA,NA,NA,NA,NA,NA,NA,"b1e257e4811ddc7fabc101d625930db3"
"250","otu303",1172,2,NA,NA,NA,NA,NA,NA,NA,NA,NA,NA,NA,NA,"e2599989f6a810a71951dae2ecb8ac06"
"251","otu599",NA,NA,NA,NA,NA,NA,NA,NA,5.14,1,NA,NA,NA,NA,"2072119ccfc4ee00c537b0136f164ec5"
"252","otu191",71.45,1,NA,NA,NA,NA,NA,NA,NA,NA,NA,NA,NA,NA,"f4be16880a27451690d9d75a94a4c334"
"253","otu230",102.6,1,NA,NA,NA,NA,NA,NA,NA,NA,NA,NA,NA,NA,"038a25e6b5e69ce46f79f6ba6e9236ca"
"254","otu83",104.8,1,NA,NA,NA,NA,NA,NA,NA,NA,NA,NA,NA,NA,"565435e3b65b5f0bf7a490b48157d49e"
"255","otu86",119,1,NA,NA,NA,NA,NA,NA,NA,NA,NA,NA,NA,NA,"2a16b66326d8d3609e06b990decfa3c1"
"256","otu197",72.5,1,NA,NA,NA,NA,NA,NA,NA,NA,NA,NA,NA,NA,"630dbdb1994fb7c42e72ed15b2948325"
"257","otu588",587.9,2,NA,NA,NA,NA,NA,NA,NA,NA,NA,NA,NA,NA,"3956bf0cddcbd8f23c1557dbd5fae898"
"258","otu209",73.25,1,NA,NA,NA,NA,NA,NA,NA,NA,NA,NA,NA,NA,"184f6279f65fd3161c504e6bc23e0842"
"259","otu97",761.25,2,NA,NA,NA,NA,NA,NA,NA,NA,NA,NA,NA,NA,"9f59eb1441fb175d3dbc996fe64b8f69"
"260","otu145",NA,NA,2.79,2,102.49,2,NA,NA,NA,NA,NA,NA,NA,NA,"6d2d5327b323de03b7b570f14042dad7"
"261","otu418",NA,NA,NA,NA,NA,NA,NA,NA,9.465,2,NA,NA,NA,NA,"461b0e417558c826a942cb638f8517c1"
"262","otu51",49.65,1,NA,NA,-0.83,1,NA,NA,NA,NA,NA,NA,NA,NA,"3d2f63665b75dd427469b45efda83d06"
"263","otu754",898.55,2,NA,NA,NA,NA,NA,NA,NA,NA,NA,NA,NA,NA,"5beb3af2b866668f7265abe480e4416f"
"264","otu111",54.65,1,NA,NA,NA,NA,NA,NA,NA,NA,NA,NA,NA,NA,"06c407f887ab3597f3636f51ae948ac7"
"265","otu113",3213,2,NA,NA,NA,NA,NA,NA,NA,NA,NA,NA,NA,NA,"f25505edbd301f8f2290fb8b6723412d"
"266","otu5",50.55,1,NA,NA,NA,NA,NA,NA,NA,NA,NA,NA,NA,NA,"ffe1a7a83911cbbb08ebe4cbee16624b"
"267","otu96",121.6,1,NA,NA,0,1,NA,NA,NA,NA,NA,NA,NA,NA,"fa4ac95e2f94c29a788cd0eb5c4cde78"
"268","otu427",NA,NA,2.93,2,3.115,2,NA,NA,NA,NA,NA,NA,NA,NA,"7e3c63f39a035245f407829d785ee90f"
"269","otu19",104.8,1,NA,NA,NA,NA,NA,NA,NA,NA,NA,NA,NA,NA,"6bed95081a22fe02e8e6b28346ca52a9"
"270","otu927",3342.05,2,NA,NA,NA,NA,NA,NA,NA,NA,NA,NA,NA,NA,"8071486cf6877c7c9bce78ce0bba2e6e"
"271","otu494",NA,NA,14.44,2,NA,NA,NA,NA,NA,NA,NA,NA,NA,NA,"81912071ea74dc571cd793d28f2725a6"
"272","otu156",335.45,2,NA,NA,0,1,NA,NA,NA,NA,NA,NA,NA,NA,"3834da3db22028d815bd2459879c09d5"
"273","otu286",3520.65,2,NA,NA,NA,NA,NA,NA,NA,NA,NA,NA,NA,NA,"bb423fe21cec42bf4d370c088305ce06"
"274","otu247",109.95,1,NA,NA,NA,NA,NA,NA,NA,NA,NA,NA,NA,NA,"93fc1836be65f7f4ec0fbdf4ecf7cdf1"
"275","otu30",113.25,2,NA,NA,NA,NA,NA,NA,NA,NA,NA,NA,NA,NA,"26031e99cf92a6075ae7bdd6b741f23f"
"276","otu143",102.6,1,NA,NA,NA,NA,NA,NA,NA,NA,NA,NA,NA,NA,"829376502107a10eec0c1f256350c417"
"277","otu40",121.6,1,NA,NA,NA,NA,NA,NA,NA,NA,NA,NA,NA,NA,"9026a58198d853b0b314af05d5589b31"
"278","otu560",3648.15,2,NA,NA,NA,NA,NA,NA,NA,NA,NA,NA,NA,NA,"3820e4484735388e27ee5371e8d2a022"
"279","otu159",3520.65,2,NA,NA,NA,NA,NA,NA,NA,NA,NA,NA,NA,NA,"3b084a45e90e5d89585307b5f513fb78"
"280","otu50",52.75,1,NA,NA,NA,NA,NA,NA,NA,NA,NA,NA,NA,NA,"6ee34bab6a5be3d854191842d099b91f"
"281","otu3",NA,NA,4.51,2,NA,NA,NA,NA,NA,NA,NA,NA,NA,NA,"113da450f7d170c15c22d0b096efbd9f"
"282","otu633",1329.1,2,NA,NA,NA,NA,NA,NA,NA,NA,NA,NA,NA,NA,"b1dd5d459f58f69d15aadc882f6257d8"
"283","otu242",NA,NA,NA,NA,NA,NA,NA,NA,4.41,1,NA,NA,NA,NA,"d2963673ed2b159ede58b763f92a1ed2"
"284","otu648",NA,NA,NA,NA,NA,NA,NA,NA,NA,NA,0.1455,2,NA,NA,"448be218e956500ee336477f17b5ca2b"
"285","otu119",NA,NA,NA,NA,NA,NA,NA,NA,9.8,2,NA,NA,NA,NA,"7303206ccfed4034f8e59b4b0f6f8995"
"286","otu213",55.55,1,NA,NA,NA,NA,NA,NA,NA,NA,NA,NA,NA,NA,"59298ffecfd28fe1a38e651525e7efd6"
"287","otu79",NA,NA,NA,NA,NA,NA,NA,NA,9.105,2,NA,NA,NA,NA,"0980b245a3d8944c078c2c86c8e7d7a9"
"288","otu463",95.25,1,NA,NA,NA,NA,NA,NA,NA,NA,NA,NA,NA,NA,"d21148c31a342fccd0c2104452497d9e"
"289","otu301",116.15,1,NA,NA,NA,NA,NA,NA,NA,NA,NA,NA,NA,NA,"91b7376786bfb433156c7c998037d4f9"
"290","otu466",654.05,2,NA,NA,NA,NA,NA,NA,NA,NA,NA,NA,NA,NA,"4498976f26c40e691caadfcc3d61a2b9"
"291","otu499",NA,NA,NA,NA,NA,NA,NA,NA,NA,NA,0.00825,1,NA,NA,"3005638084749eae2cb7ed1b440411a4"
"292","otu472",608.8,2,NA,NA,NA,NA,NA,NA,NA,NA,NA,NA,NA,NA,"43bab1cc412d3b5b6d5db2d7afee2892"
"293","otu455",NA,NA,NA,NA,NA,NA,NA,NA,9.3,2,NA,NA,NA,NA,"a1bb6ae44bcd15bda556b9062da3fa48"
"294","otu193",241.8,2,NA,NA,NA,NA,NA,NA,NA,NA,NA,NA,NA,NA,"5a6845b2b4bb24711eec6db24dcd18cb"
"295","otu442",NA,NA,NA,NA,NA,NA,NA,NA,4.14,1,NA,NA,NA,NA,"a7db15438d307aa958492f59bbea7719"
"296","otu685",NA,NA,NA,NA,NA,NA,NA,NA,8.64,2,NA,NA,NA,NA,"ba2cb7b1e620a4a15efc2e30b75dbbbf"
"297","otu262",NA,NA,2.995,2,NA,NA,NA,NA,NA,NA,NA,NA,NA,NA,"c9531ac125d8e3c84d19e0d5ada5bb91"
"298","otu953",1781.5,2,NA,NA,NA,NA,NA,NA,NA,NA,NA,NA,NA,NA,"855c65853d0959d4738d5d8cbd8f1b12"
"299","otu131",127.25,1,NA,NA,NA,NA,NA,NA,NA,NA,NA,NA,NA,NA,"26fbfa1d4c93477864c3815d4858efd6"
"300","otu347",78.8,1,NA,NA,NA,NA,NA,NA,NA,NA,NA,NA,NA,NA,"c75265bfe63111ec3339300620914290"
"301","otu152",NA,NA,NA,NA,5.645,2,NA,NA,NA,NA,NA,NA,NA,NA,"bde5c9fd86eee60b5a8147d8d05cc4d1"
"302","otu251",NA,NA,1.88,2,106.59,2,NA,NA,NA,NA,NA,NA,NA,NA,"b36739461566f6539dfecc4190ca547d"
"303","otu215",NA,NA,0,1,NA,NA,NA,NA,NA,NA,NA,NA,NA,NA,"b2573d3c9a4ed691faa860815dff3b15"
"304","otu226",49.65,1,NA,NA,NA,NA,NA,NA,NA,NA,NA,NA,NA,NA,"b4874cb2f632989f4e27b9ac7f2e226e"
"305","otu582",NA,NA,5.085,2,NA,NA,NA,NA,NA,NA,NA,NA,NA,NA,"d370145c3b99d7847e0c1710b3756af6"
"306","otu566",2172.5,2,NA,NA,NA,NA,NA,NA,NA,NA,NA,NA,NA,NA,"9813eeaa9be04cebf48c755025954464"
"307","otu165",NA,NA,2.9,2,106.59,2,NA,NA,NA,NA,NA,NA,NA,NA,"3f8dd7f432f4477d5c50743ba894cedb"
"308","otu20",NA,NA,NA,NA,NA,NA,NA,NA,NA,NA,0.00975,1,NA,NA,"f4b04030867515ec4af6cb0f9b70e5d5"
"309","otu437",72.5,1,NA,NA,NA,NA,NA,NA,NA,NA,NA,NA,NA,NA,"9b50472c58178ab877de40e8834b96d7"
"310","otu473",NA,NA,4.185,2,3.73,2,NA,NA,NA,NA,NA,NA,NA,NA,"1e117f62067dbb88b30fe514cd0afe24"
"311","otu212",NA,NA,1.305,2,8.405,2,NA,NA,NA,NA,NA,NA,NA,NA,"f7c6c0cb701e32265def497d2d300e14"
"312","otu34",NA,NA,NA,NA,NA,NA,NA,NA,NA,NA,0.006,1,NA,NA,"2e10c52b9a8ddb02110c91631d1d1fb7"
"313","otu46",NA,NA,24.295,2,NA,NA,NA,NA,NA,NA,NA,NA,NA,NA,"c4633c9a4511dcbd7c6897332ee4aaf6"
"314","otu671",NA,NA,NA,NA,NA,NA,NA,NA,4.81,1,NA,NA,NA,NA,"1d7dd43d0437bfb46b5b8160eecb80a2"
"315","otu63",NA,NA,1.765,2,NA,NA,NA,NA,NA,NA,NA,NA,NA,NA,"044769445cdb7f604bfb61869f9d3fa6"
"316","otu236",NA,NA,13.63,2,NA,NA,NA,NA,NA,NA,NA,NA,NA,NA,"dbb96d19aef1976108bac36c48c46d65"
"317","otu254",321.5,2,NA,NA,NA,NA,NA,NA,NA,NA,NA,NA,NA,NA,"43d5fdd55cae01732088b6b1d79eedc3"
"318","otu777",2351,2,NA,NA,NA,NA,NA,NA,NA,NA,NA,NA,NA,NA,"25c9b2fcb422cdcff6c2e186238951d5"
"319","otu257",64.15,1,NA,NA,NA,NA,NA,NA,NA,NA,NA,NA,NA,NA,"90624999915fe4068fca006e6a351f16"
"320","otu179",NA,NA,NA,NA,NA,NA,NA,NA,9.01,2,NA,NA,NA,NA,"12219b05247cbaf06b0b6f0495ad271f"
"321","otu797",NA,NA,5.855,2,NA,NA,NA,NA,NA,NA,NA,NA,NA,NA,"93c76d3e522823050213eaa5f8adf057"
"322","otu91",NA,NA,NA,NA,NA,NA,NA,NA,NA,NA,0.13775,2,NA,NA,"95c7a1f7fff5c1781986a57c58f930dd"
"323","otu571",NA,NA,NA,NA,NA,NA,NA,NA,NA,NA,0.0077,1,NA,NA,"c108bc5b909e71a550f830163e75e10a"
"324","otu938",3266.55,2,NA,NA,NA,NA,NA,NA,NA,NA,NA,NA,NA,NA,"afbc16a07a869b89384fcfb3e6c3ac35"
"325","otu184",NA,NA,NA,NA,NA,NA,NA,NA,8.885,2,NA,NA,NA,NA,"bffae3b268398b017c2e63fa3e4f5ec5"
"326","otu379",116.9,1,NA,NA,NA,NA,NA,NA,NA,NA,NA,NA,NA,NA,"063d4a844580d034017eb9495276bbb7"
"327","otu69",278.1,2,NA,NA,NA,NA,NA,NA,NA,NA,NA,NA,NA,NA,"9b854458f05468b5cca9282524d2fd52"
"328","otu421",NA,NA,NA,NA,NA,NA,NA,NA,8.625,2,NA,NA,NA,NA,"55a07c54409a63e61684dba63fd734e0"
"329","otu476",NA,NA,4.105,2,NA,NA,NA,NA,NA,NA,NA,NA,NA,NA,"347ff513bf3f1f8e8d4feaebcbb3f2f5"
"330","otu829",NA,NA,NA,NA,NA,NA,NA,NA,9.845,2,NA,NA,NA,NA,"f8490f4f76cb781c31d7cbf2c3619e38"
"331","otu211",NA,NA,3.29,2,NA,NA,NA,NA,NA,NA,NA,NA,NA,NA,"8ed520408c549d4bc3737ab7a45f8e6f"
"332","otu339",NA,NA,NA,NA,NA,NA,NA,NA,9.755,2,NA,NA,NA,NA,"624f06bcfa5e0a782a22d8148f45bb8c"
"333","otu458",NA,NA,NA,NA,NA,NA,NA,NA,NA,NA,0.2975,2,NA,NA,"94d935641bf33e97337ccb4e6e9a5752"
"334","otu11",NA,NA,NA,NA,NA,NA,NA,NA,7.88,2,NA,NA,NA,NA,"f0ea4378f08d089fbc0a36945ba92ed6"
"335","otu93",NA,NA,NA,NA,NA,NA,NA,NA,9.435,2,NA,NA,NA,NA,"af39cbd73ac9ebf87ab47e1fd0f39803"
"336","otu642",866.4,2,NA,NA,NA,NA,NA,NA,NA,NA,NA,NA,NA,NA,"09b4ec796cac3d05ba90abc8ee4c18d8"
"337","otu102",NA,NA,1.865,2,NA,NA,NA,NA,NA,NA,NA,NA,NA,NA,"594dfeca4c67baabccbbbe6a5194069e"
"338","otu501",NA,NA,NA,NA,NA,NA,NA,NA,5.04,1,NA,NA,NA,NA,"cf710e975feaa46f207ce02c0c867711"
"339","otu711",NA,NA,NA,NA,NA,NA,NA,NA,5.04,1,NA,NA,NA,NA,"084e8e78c89e0cc34bf01cf64517936f"
"340","otu415",NA,NA,NA,NA,NA,NA,NA,NA,7.795,2,NA,NA,NA,NA,"40f560215739782c226bdd38787bc46d"
"341","otu42",NA,NA,NA,NA,NA,NA,NA,NA,NA,NA,0.2025,2,NA,NA,"6229382454e5fc99ec8761c9e9bf291a"
"342","otu62",NA,NA,NA,NA,NA,NA,NA,NA,9.695,2,NA,NA,NA,NA,"d96c21512d6b5c4a562f5ebfe45866a6"
"343","otu505",NA,NA,7.765,2,NA,NA,NA,NA,NA,NA,NA,NA,NA,NA,"d8f83913bf4ce2505b1635780145668f"
"344","otu337",NA,NA,NA,NA,NA,NA,0,1,NA,NA,NA,NA,NA,NA,"b0da04ed2596d62577e440182af3db4f"
"345","otu292",NA,NA,NA,NA,8.43,2,NA,NA,NA,NA,NA,NA,NA,NA,"a1e6bbfc1d9db802c943bf8c76bed934"
"346","otu155",NA,NA,NA,NA,NA,NA,NA,NA,4.41,1,NA,NA,NA,NA,"464821591836e2e881e9cdd778e44e39"
"347","otu536",NA,NA,11.89,2,NA,NA,NA,NA,NA,NA,NA,NA,NA,NA,"c4f73f69e6d3222b8b54fd69f36debec"
"348","otu372",99.05,1,NA,NA,NA,NA,NA,NA,NA,NA,NA,NA,NA,NA,"216ee9bc3d5e4dc92363a72f2db39475"
"349","otu258",NA,NA,NA,NA,0,2,NA,NA,NA,NA,NA,NA,NA,NA,"3a170695dcfb10afdc4eade68e15079d"
"350","otu171",384.05,2,NA,NA,NA,NA,NA,NA,NA,NA,NA,NA,NA,NA,"063f0902047fabd6c8329df13e935d7c"
"351","otu307",NA,NA,NA,NA,NA,NA,NA,NA,NA,NA,0.0015,1,NA,NA,"42159b4a56994dc748f12cc77d5107ef"
"352","otu202",NA,NA,17.095,2,NA,NA,NA,NA,NA,NA,NA,NA,NA,NA,"4293f0ab2ba16fec39d5fd28271daf65"
"353","otu315",NA,NA,NA,NA,38.7,2,NA,NA,NA,NA,NA,NA,NA,NA,"26408e37611be3b74a120acc4a390e66"
"354","otu181",123.8,1,NA,NA,NA,NA,NA,NA,NA,NA,NA,NA,NA,NA,"2ad99e9e196948af35c28726669c2368"
"355","otu730",NA,NA,NA,NA,0,1,NA,NA,NA,NA,NA,NA,NA,NA,"a18ca430804c43c2eb61686b22b980c4"
"356","otu543",NA,NA,NA,NA,0.1065,1,NA,NA,NA,NA,NA,NA,NA,NA,"308439139b604ffa6b6357c1c7628331"
"357","otu305",NA,NA,NA,NA,0,1,NA,NA,NA,NA,NA,NA,NA,NA,"634d93ad6a914f532a31b4b45c31aaf6"
"358","otu497",NA,NA,NA,NA,NA,NA,NA,NA,6.81,1,NA,NA,NA,NA,"aeb87232abfe683dc27b6093dcea0de9"
"359","otu154",NA,NA,15.76,2,NA,NA,NA,NA,NA,NA,NA,NA,NA,NA,"725a08c5c4ff0e3eb7b78d8c7b3d3aaf"
"360","otu293",NA,NA,NA,NA,NA,NA,NA,NA,NA,NA,0,1,NA,NA,"84bc5743a6fa2771cc85581ddf961470"
"361","otu87",NA,NA,NA,NA,NA,NA,NA,NA,NA,NA,0.5825,2,NA,NA,"b8a9da3e420c82ae7a92884455ee3d09"
"362","otu4",NA,NA,NA,NA,NA,NA,NA,NA,NA,NA,0.0015,1,NA,NA,"3158e5163f34ee03fe28aae91a016f5e"
"363","otu568",NA,NA,NA,NA,NA,NA,NA,NA,5.665,1,NA,NA,NA,NA,"f6a9c770e0b387117540b62afe450b87"
"364","otu363",NA,NA,NA,NA,NA,NA,NA,NA,NA,NA,0.00485,1,NA,NA,"b19a85c94c9575d18c6567cc76da0566"
"365","otu621",NA,NA,NA,NA,NA,NA,NA,NA,12.64,2,NA,NA,NA,NA,"0016dc59b90dfa6235df7124a1f1845f"
"366","otu32",NA,NA,NA,NA,NA,NA,NA,NA,NA,NA,0.006,1,NA,NA,"25e7e8fb01b504823e2a106d434a7328"
"367","otu273",NA,NA,NA,NA,NA,NA,NA,NA,NA,NA,0,1,NA,NA,"daecb55185350b14d18be77119f882d5"
"368","otu84",NA,NA,NA,NA,NA,NA,0,1,NA,NA,NA,NA,NA,NA,"cd157a27afa9462d128de6f64e0ca838"
"369","otu267",NA,NA,1.805,2,NA,NA,NA,NA,NA,NA,NA,NA,NA,NA,"25887263488d2e4a1ab86eacc7a95ca7"
"370","otu72",NA,NA,NA,NA,NA,NA,NA,NA,8.075,2,NA,NA,NA,NA,"e947c94fccf637af5b1dfcac98c7ff64"
"371","otu585",NA,NA,NA,NA,NA,NA,NA,NA,NA,NA,0.0069,1,NA,NA,"17cadcf0a781bce9882bb1d9cb92ac57"
"372","otu490",NA,NA,NA,NA,NA,NA,NA,NA,10.445,2,NA,NA,NA,NA,"c7c029e90055c8f812b1b6a0f2d4eeef"
"373","otu284",NA,NA,NA,NA,NA,NA,NA,NA,NA,NA,0.259,2,NA,NA,"e450a41adc8fdf8737a4049dbd5f7592"
"374","otu404",NA,NA,NA,NA,NA,NA,NA,NA,NA,NA,0.00825,1,NA,NA,"edc29a82cf09a7913e8c15d9d8709db4"
"375","otu206",NA,NA,NA,NA,0,1,NA,NA,NA,NA,NA,NA,NA,NA,"a29f3fed2a82dce650780e3a1b0546aa"
"376","otu604",NA,NA,NA,NA,NA,NA,NA,NA,NA,NA,NA,NA,0.353,2,"3679767de00ce563b3a50bb1fedd1505"
"377","otu325",NA,NA,NA,NA,NA,NA,NA,NA,NA,NA,NA,NA,10.575,2,"62158437518482b20c554346a9c10bac"
"378","otu88",NA,NA,NA,NA,NA,NA,NA,NA,NA,NA,NA,NA,0,1,"528ff976231d246ea3188c2713d949f0"
"379","otu396",NA,NA,NA,NA,NA,NA,NA,NA,NA,NA,NA,NA,9.65,2,"2f75a79d693ab9fe63cb48328283b1d9"
"380","otu15",NA,NA,NA,NA,NA,NA,NA,NA,NA,NA,NA,NA,0,1,"1c7c78b9b6b70448018ecec417bb365b"
"381","otu280",NA,NA,NA,NA,NA,NA,NA,NA,NA,NA,NA,NA,0.435,2,"10f0d79cfba9da2effc4744d22896a05"
"382","otu112",NA,NA,NA,NA,NA,NA,NA,NA,NA,NA,NA,NA,0,1,"64f88f172546785d0c6e45384bc07a39"
"383","otu304",NA,NA,NA,NA,NA,NA,NA,NA,NA,NA,NA,NA,0,1,"e4b66f9ea521e015d10c46d429588e7b"
"384","otu124",NA,NA,NA,NA,NA,NA,NA,NA,NA,NA,NA,NA,0,1,"7bbacbdf12fd962331d14f05a252b306"
"385","otu125",NA,NA,NA,NA,NA,NA,NA,NA,NA,NA,NA,NA,0,1,"e1e58465d98677e0db9d67b910f79bde"
"386","otu451",NA,NA,NA,NA,NA,NA,NA,NA,NA,NA,NA,NA,0,1,"026a3d7fc1fcfa32b5bc79f4c8315f23"
"387","otu319",NA,NA,NA,NA,NA,NA,NA,NA,NA,NA,NA,NA,0,1,"26729f4b1e5d01d93d6020662d995531"
"388","otu597",NA,NA,NA,NA,NA,NA,NA,NA,NA,NA,NA,NA,0,1,"a015e35223ac1ac302dd918b6e882f50"
"389","otu794",NA,NA,NA,NA,NA,NA,NA,NA,NA,NA,NA,NA,1.755,2,"4414ff0aa9681b457cf02d657532c61c"
"390","otu388",NA,NA,NA,NA,NA,NA,NA,NA,NA,NA,NA,NA,0,1,"9bf7249b67c529e878e6c85d26452496"
"391","otu326",NA,NA,NA,NA,NA,NA,NA,NA,NA,NA,NA,NA,0.63,2,"d066876b5eb432e0e1191c69928700cf"
"392","otu509",NA,NA,NA,NA,NA,NA,NA,NA,NA,NA,NA,NA,0,1,"ede56341d27ecdc0b0494e06d9029e1a"
"393","otu222",NA,NA,NA,NA,NA,NA,NA,NA,NA,NA,NA,NA,0,1,"f1d1bb7fb19da8aa9d62cab379781a0a"
"394","otu526",NA,NA,NA,NA,NA,NA,NA,NA,NA,NA,NA,NA,0,1,"def757a5436434e052f965c53300cba3"
"395","otu408",NA,NA,NA,NA,NA,NA,NA,NA,NA,NA,NA,NA,6.775,2,"ec57b63881987ef132c6fa5c4a970be6"
"396","otu454",NA,NA,NA,NA,NA,NA,NA,NA,NA,NA,NA,NA,6.775,2,"82613c597b2ef754326a6b4637584603"
"397","otu310",NA,NA,NA,NA,NA,NA,NA,NA,NA,NA,NA,NA,0,1,"5fc8914f18e7903c9ee9822dc5f8085f"
"398","otu680",NA,NA,NA,NA,NA,NA,NA,NA,NA,NA,NA,NA,10.575,2,"7fe2a2a69950fa625c64015be9b7d38a"
"399","otu579",NA,NA,NA,NA,NA,NA,NA,NA,NA,NA,NA,NA,0,1,"9a5bdef2c989a2416f787d14fc6a30cb"
"400","otu496",NA,NA,NA,NA,NA,NA,NA,NA,NA,NA,NA,NA,2.185,2,"e71e886b0cfca27179448af309407dea"
"401","otu757",NA,NA,NA,NA,NA,NA,NA,NA,NA,NA,NA,NA,0,1,"be0812ee3386b37e48fb23a97cda3bd4"
"402","otu803",NA,NA,NA,NA,NA,NA,NA,NA,NA,NA,NA,NA,2.185,2,"909815f51a01a707aa01d1b3bf2ca0ae"
"403","otu534",NA,NA,NA,NA,NA,NA,NA,NA,NA,NA,NA,NA,7.1,2,"384ae799b0520a818754e70d739fec8c"
